"ScheduleKey","FormID","InspectionName","Department","Frequency","DueDate","Sequence","Status"
"AIR001|2026-08-01","AIR001","Air Curtains","Sanitation","Weekly","2026-08-01","1","Scheduled"
"BCH001|2026-08-01","BCH001","Box Chutes","Sanitation","Weekly","2026-08-01","1","Scheduled"
"BLD001|2026-08-01","BLD001","Building Repair","Maintenance","Quarterly","2026-08-01","1","Scheduled"
"BRE001|2026-08-01","BRE001","Box Room Elevator","Production","Weekly","2026-08-01","1","Scheduled"
"BRM001|2026-08-01","BRM001","Box Room","Production","Monthly","2026-08-01","1","Scheduled"
"BRW001|2026-08-01","BRW001","Box Room Warehouse","Production","Monthly","2026-08-01","1","Scheduled"
"CIP001|2026-08-01","CIP001","CIP Systems","Sanitation","Monthly","2026-08-01","1","Scheduled"
"CLW001|2026-08-01","CLW001","Cooler Walls","Maintenance","Quarterly","2026-08-01","1","Scheduled"
"COL001|2026-08-01","COL001","Cooler Overheads","Maintenance","Quarterly","2026-08-01","1","Scheduled"
"CVP001|2026-08-01","CVP001","CVP Machines","Production","Monthly","2026-08-01","1","Scheduled"
"DCK001|2026-08-01","DCK001","Dock Pits","Production","Weekly","2026-08-01","1","Scheduled"
"EXH001|2026-08-01","EXH001","Exhaust Fans and Heaters","Maintenance","Monthly","2026-08-01","1","Scheduled"
"FLT001|2026-08-01","FLT001","Forklifts","Production","Weekly","2026-08-01","1","Scheduled"
"ICE001|2026-08-01","ICE001","Ice House & Augers","Sanitation","Bi-Weekly","2026-08-01","1","Scheduled"
"KNR001|2026-08-01","KNR001","Knife Room","Production","Weekly","2026-08-01","1","Scheduled"
"LGT001|2026-08-01","LGT001","Light Covers","Sanitation","Weekly","2026-08-01","1","Scheduled"
"MEP001|2026-08-01","MEP001","Maintenance Electrical & Pump Rooms","Maintenance","Quarterly","2026-08-01","1","Scheduled"
"MSH001|2026-08-01","MSH001","Maintenance Shops","Maintenance","Quarterly","2026-08-01","1","Scheduled"
"OFF001|2026-08-01","OFF001","Offal Building","Production","Every 2 Months","2026-08-01","1","Scheduled"
"OHD001|2026-08-01","OHD001","1st Processing Overhead","Sanitation","Weekly","2026-08-01","1","Scheduled"
"OHD002|2026-08-01","OHD002","2nd Processing Overhead","Sanitation","Weekly","2026-08-01","1","Scheduled"
"OSG001|2026-08-01","OSG001","Outside Grounds","Production","Weekly","2026-08-01","1","Scheduled"
"SCG001|2026-08-01","SCG001","Supply Cage","Production","Monthly","2026-08-01","1","Scheduled"
"SHP001|2026-08-01","SHP001","Shipping Docks","Production","Monthly","2026-08-01","1","Scheduled"
"SLC001|2026-08-01","SLC001","SLC Scales","Production","Weekly","2026-08-01","1","Scheduled"
"SOP001|2026-08-01","SOP001","Soap Room","Sanitation","Weekly","2026-08-01","1","Scheduled"
"SUP001|2026-08-01","SUP001","Supply Room","Production","Monthly","2026-08-01","1","Scheduled"
"AIR001|2026-08-08","AIR001","Air Curtains","Sanitation","Weekly","2026-08-08","2","Scheduled"
"BCH001|2026-08-08","BCH001","Box Chutes","Sanitation","Weekly","2026-08-08","2","Scheduled"
"BRE001|2026-08-08","BRE001","Box Room Elevator","Production","Weekly","2026-08-08","2","Scheduled"
"DCK001|2026-08-08","DCK001","Dock Pits","Production","Weekly","2026-08-08","2","Scheduled"
"FLT001|2026-08-08","FLT001","Forklifts","Production","Weekly","2026-08-08","2","Scheduled"
"KNR001|2026-08-08","KNR001","Knife Room","Production","Weekly","2026-08-08","2","Scheduled"
"LGT001|2026-08-08","LGT001","Light Covers","Sanitation","Weekly","2026-08-08","2","Scheduled"
"OHD001|2026-08-08","OHD001","1st Processing Overhead","Sanitation","Weekly","2026-08-08","2","Scheduled"
"OHD002|2026-08-08","OHD002","2nd Processing Overhead","Sanitation","Weekly","2026-08-08","2","Scheduled"
"OSG001|2026-08-08","OSG001","Outside Grounds","Production","Weekly","2026-08-08","2","Scheduled"
"SLC001|2026-08-08","SLC001","SLC Scales","Production","Weekly","2026-08-08","2","Scheduled"
"SOP001|2026-08-08","SOP001","Soap Room","Sanitation","Weekly","2026-08-08","2","Scheduled"
"AIR001|2026-08-15","AIR001","Air Curtains","Sanitation","Weekly","2026-08-15","3","Scheduled"
"BCH001|2026-08-15","BCH001","Box Chutes","Sanitation","Weekly","2026-08-15","3","Scheduled"
"BRE001|2026-08-15","BRE001","Box Room Elevator","Production","Weekly","2026-08-15","3","Scheduled"
"DCK001|2026-08-15","DCK001","Dock Pits","Production","Weekly","2026-08-15","3","Scheduled"
"FLT001|2026-08-15","FLT001","Forklifts","Production","Weekly","2026-08-15","3","Scheduled"
"ICE001|2026-08-15","ICE001","Ice House & Augers","Sanitation","Bi-Weekly","2026-08-15","2","Scheduled"
"KNR001|2026-08-15","KNR001","Knife Room","Production","Weekly","2026-08-15","3","Scheduled"
"LGT001|2026-08-15","LGT001","Light Covers","Sanitation","Weekly","2026-08-15","3","Scheduled"
"OHD001|2026-08-15","OHD001","1st Processing Overhead","Sanitation","Weekly","2026-08-15","3","Scheduled"
"OHD002|2026-08-15","OHD002","2nd Processing Overhead","Sanitation","Weekly","2026-08-15","3","Scheduled"
"OSG001|2026-08-15","OSG001","Outside Grounds","Production","Weekly","2026-08-15","3","Scheduled"
"SLC001|2026-08-15","SLC001","SLC Scales","Production","Weekly","2026-08-15","3","Scheduled"
"SOP001|2026-08-15","SOP001","Soap Room","Sanitation","Weekly","2026-08-15","3","Scheduled"
"AIR001|2026-08-22","AIR001","Air Curtains","Sanitation","Weekly","2026-08-22","4","Scheduled"
"BCH001|2026-08-22","BCH001","Box Chutes","Sanitation","Weekly","2026-08-22","4","Scheduled"
"BRE001|2026-08-22","BRE001","Box Room Elevator","Production","Weekly","2026-08-22","4","Scheduled"
"DCK001|2026-08-22","DCK001","Dock Pits","Production","Weekly","2026-08-22","4","Scheduled"
"FLT001|2026-08-22","FLT001","Forklifts","Production","Weekly","2026-08-22","4","Scheduled"
"KNR001|2026-08-22","KNR001","Knife Room","Production","Weekly","2026-08-22","4","Scheduled"
"LGT001|2026-08-22","LGT001","Light Covers","Sanitation","Weekly","2026-08-22","4","Scheduled"
"OHD001|2026-08-22","OHD001","1st Processing Overhead","Sanitation","Weekly","2026-08-22","4","Scheduled"
"OHD002|2026-08-22","OHD002","2nd Processing Overhead","Sanitation","Weekly","2026-08-22","4","Scheduled"
"OSG001|2026-08-22","OSG001","Outside Grounds","Production","Weekly","2026-08-22","4","Scheduled"
"SLC001|2026-08-22","SLC001","SLC Scales","Production","Weekly","2026-08-22","4","Scheduled"
"SOP001|2026-08-22","SOP001","Soap Room","Sanitation","Weekly","2026-08-22","4","Scheduled"
"AIR001|2026-08-29","AIR001","Air Curtains","Sanitation","Weekly","2026-08-29","5","Scheduled"
"BCH001|2026-08-29","BCH001","Box Chutes","Sanitation","Weekly","2026-08-29","5","Scheduled"
"BRE001|2026-08-29","BRE001","Box Room Elevator","Production","Weekly","2026-08-29","5","Scheduled"
"DCK001|2026-08-29","DCK001","Dock Pits","Production","Weekly","2026-08-29","5","Scheduled"
"FLT001|2026-08-29","FLT001","Forklifts","Production","Weekly","2026-08-29","5","Scheduled"
"ICE001|2026-08-29","ICE001","Ice House & Augers","Sanitation","Bi-Weekly","2026-08-29","3","Scheduled"
"KNR001|2026-08-29","KNR001","Knife Room","Production","Weekly","2026-08-29","5","Scheduled"
"LGT001|2026-08-29","LGT001","Light Covers","Sanitation","Weekly","2026-08-29","5","Scheduled"
"OHD001|2026-08-29","OHD001","1st Processing Overhead","Sanitation","Weekly","2026-08-29","5","Scheduled"
"OHD002|2026-08-29","OHD002","2nd Processing Overhead","Sanitation","Weekly","2026-08-29","5","Scheduled"
"OSG001|2026-08-29","OSG001","Outside Grounds","Production","Weekly","2026-08-29","5","Scheduled"
"SLC001|2026-08-29","SLC001","SLC Scales","Production","Weekly","2026-08-29","5","Scheduled"
"SOP001|2026-08-29","SOP001","Soap Room","Sanitation","Weekly","2026-08-29","5","Scheduled"
"BRM001|2026-09-01","BRM001","Box Room","Production","Monthly","2026-09-01","2","Scheduled"
"BRW001|2026-09-01","BRW001","Box Room Warehouse","Production","Monthly","2026-09-01","2","Scheduled"
"CIP001|2026-09-01","CIP001","CIP Systems","Sanitation","Monthly","2026-09-01","2","Scheduled"
"CVP001|2026-09-01","CVP001","CVP Machines","Production","Monthly","2026-09-01","2","Scheduled"
"EXH001|2026-09-01","EXH001","Exhaust Fans and Heaters","Maintenance","Monthly","2026-09-01","2","Scheduled"
"SCG001|2026-09-01","SCG001","Supply Cage","Production","Monthly","2026-09-01","2","Scheduled"
"SHP001|2026-09-01","SHP001","Shipping Docks","Production","Monthly","2026-09-01","2","Scheduled"
"SUP001|2026-09-01","SUP001","Supply Room","Production","Monthly","2026-09-01","2","Scheduled"
"AIR001|2026-09-05","AIR001","Air Curtains","Sanitation","Weekly","2026-09-05","6","Scheduled"
"BCH001|2026-09-05","BCH001","Box Chutes","Sanitation","Weekly","2026-09-05","6","Scheduled"
"BRE001|2026-09-05","BRE001","Box Room Elevator","Production","Weekly","2026-09-05","6","Scheduled"
"DCK001|2026-09-05","DCK001","Dock Pits","Production","Weekly","2026-09-05","6","Scheduled"
"FLT001|2026-09-05","FLT001","Forklifts","Production","Weekly","2026-09-05","6","Scheduled"
"KNR001|2026-09-05","KNR001","Knife Room","Production","Weekly","2026-09-05","6","Scheduled"
"LGT001|2026-09-05","LGT001","Light Covers","Sanitation","Weekly","2026-09-05","6","Scheduled"
"OHD001|2026-09-05","OHD001","1st Processing Overhead","Sanitation","Weekly","2026-09-05","6","Scheduled"
"OHD002|2026-09-05","OHD002","2nd Processing Overhead","Sanitation","Weekly","2026-09-05","6","Scheduled"
"OSG001|2026-09-05","OSG001","Outside Grounds","Production","Weekly","2026-09-05","6","Scheduled"
"SLC001|2026-09-05","SLC001","SLC Scales","Production","Weekly","2026-09-05","6","Scheduled"
"SOP001|2026-09-05","SOP001","Soap Room","Sanitation","Weekly","2026-09-05","6","Scheduled"
"AIR001|2026-09-12","AIR001","Air Curtains","Sanitation","Weekly","2026-09-12","7","Scheduled"
"BCH001|2026-09-12","BCH001","Box Chutes","Sanitation","Weekly","2026-09-12","7","Scheduled"
"BRE001|2026-09-12","BRE001","Box Room Elevator","Production","Weekly","2026-09-12","7","Scheduled"
"DCK001|2026-09-12","DCK001","Dock Pits","Production","Weekly","2026-09-12","7","Scheduled"
"FLT001|2026-09-12","FLT001","Forklifts","Production","Weekly","2026-09-12","7","Scheduled"
"ICE001|2026-09-12","ICE001","Ice House & Augers","Sanitation","Bi-Weekly","2026-09-12","4","Scheduled"
"KNR001|2026-09-12","KNR001","Knife Room","Production","Weekly","2026-09-12","7","Scheduled"
"LGT001|2026-09-12","LGT001","Light Covers","Sanitation","Weekly","2026-09-12","7","Scheduled"
"OHD001|2026-09-12","OHD001","1st Processing Overhead","Sanitation","Weekly","2026-09-12","7","Scheduled"
"OHD002|2026-09-12","OHD002","2nd Processing Overhead","Sanitation","Weekly","2026-09-12","7","Scheduled"
"OSG001|2026-09-12","OSG001","Outside Grounds","Production","Weekly","2026-09-12","7","Scheduled"
"SLC001|2026-09-12","SLC001","SLC Scales","Production","Weekly","2026-09-12","7","Scheduled"
"SOP001|2026-09-12","SOP001","Soap Room","Sanitation","Weekly","2026-09-12","7","Scheduled"
"AIR001|2026-09-19","AIR001","Air Curtains","Sanitation","Weekly","2026-09-19","8","Scheduled"
"BCH001|2026-09-19","BCH001","Box Chutes","Sanitation","Weekly","2026-09-19","8","Scheduled"
"BRE001|2026-09-19","BRE001","Box Room Elevator","Production","Weekly","2026-09-19","8","Scheduled"
"DCK001|2026-09-19","DCK001","Dock Pits","Production","Weekly","2026-09-19","8","Scheduled"
"FLT001|2026-09-19","FLT001","Forklifts","Production","Weekly","2026-09-19","8","Scheduled"
"KNR001|2026-09-19","KNR001","Knife Room","Production","Weekly","2026-09-19","8","Scheduled"
"LGT001|2026-09-19","LGT001","Light Covers","Sanitation","Weekly","2026-09-19","8","Scheduled"
"OHD001|2026-09-19","OHD001","1st Processing Overhead","Sanitation","Weekly","2026-09-19","8","Scheduled"
"OHD002|2026-09-19","OHD002","2nd Processing Overhead","Sanitation","Weekly","2026-09-19","8","Scheduled"
"OSG001|2026-09-19","OSG001","Outside Grounds","Production","Weekly","2026-09-19","8","Scheduled"
"SLC001|2026-09-19","SLC001","SLC Scales","Production","Weekly","2026-09-19","8","Scheduled"
"SOP001|2026-09-19","SOP001","Soap Room","Sanitation","Weekly","2026-09-19","8","Scheduled"
"AIR001|2026-09-26","AIR001","Air Curtains","Sanitation","Weekly","2026-09-26","9","Scheduled"
"BCH001|2026-09-26","BCH001","Box Chutes","Sanitation","Weekly","2026-09-26","9","Scheduled"
"BRE001|2026-09-26","BRE001","Box Room Elevator","Production","Weekly","2026-09-26","9","Scheduled"
"DCK001|2026-09-26","DCK001","Dock Pits","Production","Weekly","2026-09-26","9","Scheduled"
"FLT001|2026-09-26","FLT001","Forklifts","Production","Weekly","2026-09-26","9","Scheduled"
"ICE001|2026-09-26","ICE001","Ice House & Augers","Sanitation","Bi-Weekly","2026-09-26","5","Scheduled"
"KNR001|2026-09-26","KNR001","Knife Room","Production","Weekly","2026-09-26","9","Scheduled"
"LGT001|2026-09-26","LGT001","Light Covers","Sanitation","Weekly","2026-09-26","9","Scheduled"
"OHD001|2026-09-26","OHD001","1st Processing Overhead","Sanitation","Weekly","2026-09-26","9","Scheduled"
"OHD002|2026-09-26","OHD002","2nd Processing Overhead","Sanitation","Weekly","2026-09-26","9","Scheduled"
"OSG001|2026-09-26","OSG001","Outside Grounds","Production","Weekly","2026-09-26","9","Scheduled"
"SLC001|2026-09-26","SLC001","SLC Scales","Production","Weekly","2026-09-26","9","Scheduled"
"SOP001|2026-09-26","SOP001","Soap Room","Sanitation","Weekly","2026-09-26","9","Scheduled"
"BRM001|2026-10-01","BRM001","Box Room","Production","Monthly","2026-10-01","3","Scheduled"
"BRW001|2026-10-01","BRW001","Box Room Warehouse","Production","Monthly","2026-10-01","3","Scheduled"
"CIP001|2026-10-01","CIP001","CIP Systems","Sanitation","Monthly","2026-10-01","3","Scheduled"
"CVP001|2026-10-01","CVP001","CVP Machines","Production","Monthly","2026-10-01","3","Scheduled"
"EXH001|2026-10-01","EXH001","Exhaust Fans and Heaters","Maintenance","Monthly","2026-10-01","3","Scheduled"
"OFF001|2026-10-01","OFF001","Offal Building","Production","Every 2 Months","2026-10-01","2","Scheduled"
"SCG001|2026-10-01","SCG001","Supply Cage","Production","Monthly","2026-10-01","3","Scheduled"
"SHP001|2026-10-01","SHP001","Shipping Docks","Production","Monthly","2026-10-01","3","Scheduled"
"SUP001|2026-10-01","SUP001","Supply Room","Production","Monthly","2026-10-01","3","Scheduled"
"AIR001|2026-10-03","AIR001","Air Curtains","Sanitation","Weekly","2026-10-03","10","Scheduled"
"BCH001|2026-10-03","BCH001","Box Chutes","Sanitation","Weekly","2026-10-03","10","Scheduled"
"BRE001|2026-10-03","BRE001","Box Room Elevator","Production","Weekly","2026-10-03","10","Scheduled"
"DCK001|2026-10-03","DCK001","Dock Pits","Production","Weekly","2026-10-03","10","Scheduled"
"FLT001|2026-10-03","FLT001","Forklifts","Production","Weekly","2026-10-03","10","Scheduled"
"KNR001|2026-10-03","KNR001","Knife Room","Production","Weekly","2026-10-03","10","Scheduled"
"LGT001|2026-10-03","LGT001","Light Covers","Sanitation","Weekly","2026-10-03","10","Scheduled"
"OHD001|2026-10-03","OHD001","1st Processing Overhead","Sanitation","Weekly","2026-10-03","10","Scheduled"
"OHD002|2026-10-03","OHD002","2nd Processing Overhead","Sanitation","Weekly","2026-10-03","10","Scheduled"
"OSG001|2026-10-03","OSG001","Outside Grounds","Production","Weekly","2026-10-03","10","Scheduled"
"SLC001|2026-10-03","SLC001","SLC Scales","Production","Weekly","2026-10-03","10","Scheduled"
"SOP001|2026-10-03","SOP001","Soap Room","Sanitation","Weekly","2026-10-03","10","Scheduled"
"AIR001|2026-10-10","AIR001","Air Curtains","Sanitation","Weekly","2026-10-10","11","Scheduled"
"BCH001|2026-10-10","BCH001","Box Chutes","Sanitation","Weekly","2026-10-10","11","Scheduled"
"BRE001|2026-10-10","BRE001","Box Room Elevator","Production","Weekly","2026-10-10","11","Scheduled"
"DCK001|2026-10-10","DCK001","Dock Pits","Production","Weekly","2026-10-10","11","Scheduled"
"FLT001|2026-10-10","FLT001","Forklifts","Production","Weekly","2026-10-10","11","Scheduled"
"ICE001|2026-10-10","ICE001","Ice House & Augers","Sanitation","Bi-Weekly","2026-10-10","6","Scheduled"
"KNR001|2026-10-10","KNR001","Knife Room","Production","Weekly","2026-10-10","11","Scheduled"
"LGT001|2026-10-10","LGT001","Light Covers","Sanitation","Weekly","2026-10-10","11","Scheduled"
"OHD001|2026-10-10","OHD001","1st Processing Overhead","Sanitation","Weekly","2026-10-10","11","Scheduled"
"OHD002|2026-10-10","OHD002","2nd Processing Overhead","Sanitation","Weekly","2026-10-10","11","Scheduled"
"OSG001|2026-10-10","OSG001","Outside Grounds","Production","Weekly","2026-10-10","11","Scheduled"
"SLC001|2026-10-10","SLC001","SLC Scales","Production","Weekly","2026-10-10","11","Scheduled"
"SOP001|2026-10-10","SOP001","Soap Room","Sanitation","Weekly","2026-10-10","11","Scheduled"
"AIR001|2026-10-17","AIR001","Air Curtains","Sanitation","Weekly","2026-10-17","12","Scheduled"
"BCH001|2026-10-17","BCH001","Box Chutes","Sanitation","Weekly","2026-10-17","12","Scheduled"
"BRE001|2026-10-17","BRE001","Box Room Elevator","Production","Weekly","2026-10-17","12","Scheduled"
"DCK001|2026-10-17","DCK001","Dock Pits","Production","Weekly","2026-10-17","12","Scheduled"
"FLT001|2026-10-17","FLT001","Forklifts","Production","Weekly","2026-10-17","12","Scheduled"
"KNR001|2026-10-17","KNR001","Knife Room","Production","Weekly","2026-10-17","12","Scheduled"
"LGT001|2026-10-17","LGT001","Light Covers","Sanitation","Weekly","2026-10-17","12","Scheduled"
"OHD001|2026-10-17","OHD001","1st Processing Overhead","Sanitation","Weekly","2026-10-17","12","Scheduled"
"OHD002|2026-10-17","OHD002","2nd Processing Overhead","Sanitation","Weekly","2026-10-17","12","Scheduled"
"OSG001|2026-10-17","OSG001","Outside Grounds","Production","Weekly","2026-10-17","12","Scheduled"
"SLC001|2026-10-17","SLC001","SLC Scales","Production","Weekly","2026-10-17","12","Scheduled"
"SOP001|2026-10-17","SOP001","Soap Room","Sanitation","Weekly","2026-10-17","12","Scheduled"
"AIR001|2026-10-24","AIR001","Air Curtains","Sanitation","Weekly","2026-10-24","13","Scheduled"
"BCH001|2026-10-24","BCH001","Box Chutes","Sanitation","Weekly","2026-10-24","13","Scheduled"
"BRE001|2026-10-24","BRE001","Box Room Elevator","Production","Weekly","2026-10-24","13","Scheduled"
"DCK001|2026-10-24","DCK001","Dock Pits","Production","Weekly","2026-10-24","13","Scheduled"
"FLT001|2026-10-24","FLT001","Forklifts","Production","Weekly","2026-10-24","13","Scheduled"
"ICE001|2026-10-24","ICE001","Ice House & Augers","Sanitation","Bi-Weekly","2026-10-24","7","Scheduled"
"KNR001|2026-10-24","KNR001","Knife Room","Production","Weekly","2026-10-24","13","Scheduled"
"LGT001|2026-10-24","LGT001","Light Covers","Sanitation","Weekly","2026-10-24","13","Scheduled"
"OHD001|2026-10-24","OHD001","1st Processing Overhead","Sanitation","Weekly","2026-10-24","13","Scheduled"
"OHD002|2026-10-24","OHD002","2nd Processing Overhead","Sanitation","Weekly","2026-10-24","13","Scheduled"
"OSG001|2026-10-24","OSG001","Outside Grounds","Production","Weekly","2026-10-24","13","Scheduled"
"SLC001|2026-10-24","SLC001","SLC Scales","Production","Weekly","2026-10-24","13","Scheduled"
"SOP001|2026-10-24","SOP001","Soap Room","Sanitation","Weekly","2026-10-24","13","Scheduled"
"AIR001|2026-10-31","AIR001","Air Curtains","Sanitation","Weekly","2026-10-31","14","Scheduled"
"BCH001|2026-10-31","BCH001","Box Chutes","Sanitation","Weekly","2026-10-31","14","Scheduled"
"BRE001|2026-10-31","BRE001","Box Room Elevator","Production","Weekly","2026-10-31","14","Scheduled"
"DCK001|2026-10-31","DCK001","Dock Pits","Production","Weekly","2026-10-31","14","Scheduled"
"FLT001|2026-10-31","FLT001","Forklifts","Production","Weekly","2026-10-31","14","Scheduled"
"KNR001|2026-10-31","KNR001","Knife Room","Production","Weekly","2026-10-31","14","Scheduled"
"LGT001|2026-10-31","LGT001","Light Covers","Sanitation","Weekly","2026-10-31","14","Scheduled"
"OHD001|2026-10-31","OHD001","1st Processing Overhead","Sanitation","Weekly","2026-10-31","14","Scheduled"
"OHD002|2026-10-31","OHD002","2nd Processing Overhead","Sanitation","Weekly","2026-10-31","14","Scheduled"
"OSG001|2026-10-31","OSG001","Outside Grounds","Production","Weekly","2026-10-31","14","Scheduled"
"SLC001|2026-10-31","SLC001","SLC Scales","Production","Weekly","2026-10-31","14","Scheduled"
"SOP001|2026-10-31","SOP001","Soap Room","Sanitation","Weekly","2026-10-31","14","Scheduled"
"BLD001|2026-11-01","BLD001","Building Repair","Maintenance","Quarterly","2026-11-01","2","Scheduled"
"BRM001|2026-11-01","BRM001","Box Room","Production","Monthly","2026-11-01","4","Scheduled"
"BRW001|2026-11-01","BRW001","Box Room Warehouse","Production","Monthly","2026-11-01","4","Scheduled"
"CIP001|2026-11-01","CIP001","CIP Systems","Sanitation","Monthly","2026-11-01","4","Scheduled"
"CLW001|2026-11-01","CLW001","Cooler Walls","Maintenance","Quarterly","2026-11-01","2","Scheduled"
"COL001|2026-11-01","COL001","Cooler Overheads","Maintenance","Quarterly","2026-11-01","2","Scheduled"
"CVP001|2026-11-01","CVP001","CVP Machines","Production","Monthly","2026-11-01","4","Scheduled"
"EXH001|2026-11-01","EXH001","Exhaust Fans and Heaters","Maintenance","Monthly","2026-11-01","4","Scheduled"
"MEP001|2026-11-01","MEP001","Maintenance Electrical & Pump Rooms","Maintenance","Quarterly","2026-11-01","2","Scheduled"
"MSH001|2026-11-01","MSH001","Maintenance Shops","Maintenance","Quarterly","2026-11-01","2","Scheduled"
"SCG001|2026-11-01","SCG001","Supply Cage","Production","Monthly","2026-11-01","4","Scheduled"
"SHP001|2026-11-01","SHP001","Shipping Docks","Production","Monthly","2026-11-01","4","Scheduled"
"SUP001|2026-11-01","SUP001","Supply Room","Production","Monthly","2026-11-01","4","Scheduled"
"AIR001|2026-11-07","AIR001","Air Curtains","Sanitation","Weekly","2026-11-07","15","Scheduled"
"BCH001|2026-11-07","BCH001","Box Chutes","Sanitation","Weekly","2026-11-07","15","Scheduled"
"BRE001|2026-11-07","BRE001","Box Room Elevator","Production","Weekly","2026-11-07","15","Scheduled"
"DCK001|2026-11-07","DCK001","Dock Pits","Production","Weekly","2026-11-07","15","Scheduled"
"FLT001|2026-11-07","FLT001","Forklifts","Production","Weekly","2026-11-07","15","Scheduled"
"ICE001|2026-11-07","ICE001","Ice House & Augers","Sanitation","Bi-Weekly","2026-11-07","8","Scheduled"
"KNR001|2026-11-07","KNR001","Knife Room","Production","Weekly","2026-11-07","15","Scheduled"
"LGT001|2026-11-07","LGT001","Light Covers","Sanitation","Weekly","2026-11-07","15","Scheduled"
"OHD001|2026-11-07","OHD001","1st Processing Overhead","Sanitation","Weekly","2026-11-07","15","Scheduled"
"OHD002|2026-11-07","OHD002","2nd Processing Overhead","Sanitation","Weekly","2026-11-07","15","Scheduled"
"OSG001|2026-11-07","OSG001","Outside Grounds","Production","Weekly","2026-11-07","15","Scheduled"
"SLC001|2026-11-07","SLC001","SLC Scales","Production","Weekly","2026-11-07","15","Scheduled"
"SOP001|2026-11-07","SOP001","Soap Room","Sanitation","Weekly","2026-11-07","15","Scheduled"
"AIR001|2026-11-14","AIR001","Air Curtains","Sanitation","Weekly","2026-11-14","16","Scheduled"
"BCH001|2026-11-14","BCH001","Box Chutes","Sanitation","Weekly","2026-11-14","16","Scheduled"
"BRE001|2026-11-14","BRE001","Box Room Elevator","Production","Weekly","2026-11-14","16","Scheduled"
"DCK001|2026-11-14","DCK001","Dock Pits","Production","Weekly","2026-11-14","16","Scheduled"
"FLT001|2026-11-14","FLT001","Forklifts","Production","Weekly","2026-11-14","16","Scheduled"
"KNR001|2026-11-14","KNR001","Knife Room","Production","Weekly","2026-11-14","16","Scheduled"
"LGT001|2026-11-14","LGT001","Light Covers","Sanitation","Weekly","2026-11-14","16","Scheduled"
"OHD001|2026-11-14","OHD001","1st Processing Overhead","Sanitation","Weekly","2026-11-14","16","Scheduled"
"OHD002|2026-11-14","OHD002","2nd Processing Overhead","Sanitation","Weekly","2026-11-14","16","Scheduled"
"OSG001|2026-11-14","OSG001","Outside Grounds","Production","Weekly","2026-11-14","16","Scheduled"
"SLC001|2026-11-14","SLC001","SLC Scales","Production","Weekly","2026-11-14","16","Scheduled"
"SOP001|2026-11-14","SOP001","Soap Room","Sanitation","Weekly","2026-11-14","16","Scheduled"
"AIR001|2026-11-21","AIR001","Air Curtains","Sanitation","Weekly","2026-11-21","17","Scheduled"
"BCH001|2026-11-21","BCH001","Box Chutes","Sanitation","Weekly","2026-11-21","17","Scheduled"
"BRE001|2026-11-21","BRE001","Box Room Elevator","Production","Weekly","2026-11-21","17","Scheduled"
"DCK001|2026-11-21","DCK001","Dock Pits","Production","Weekly","2026-11-21","17","Scheduled"
"FLT001|2026-11-21","FLT001","Forklifts","Production","Weekly","2026-11-21","17","Scheduled"
"ICE001|2026-11-21","ICE001","Ice House & Augers","Sanitation","Bi-Weekly","2026-11-21","9","Scheduled"
"KNR001|2026-11-21","KNR001","Knife Room","Production","Weekly","2026-11-21","17","Scheduled"
"LGT001|2026-11-21","LGT001","Light Covers","Sanitation","Weekly","2026-11-21","17","Scheduled"
"OHD001|2026-11-21","OHD001","1st Processing Overhead","Sanitation","Weekly","2026-11-21","17","Scheduled"
"OHD002|2026-11-21","OHD002","2nd Processing Overhead","Sanitation","Weekly","2026-11-21","17","Scheduled"
"OSG001|2026-11-21","OSG001","Outside Grounds","Production","Weekly","2026-11-21","17","Scheduled"
"SLC001|2026-11-21","SLC001","SLC Scales","Production","Weekly","2026-11-21","17","Scheduled"
"SOP001|2026-11-21","SOP001","Soap Room","Sanitation","Weekly","2026-11-21","17","Scheduled"
"AIR001|2026-11-28","AIR001","Air Curtains","Sanitation","Weekly","2026-11-28","18","Scheduled"
"BCH001|2026-11-28","BCH001","Box Chutes","Sanitation","Weekly","2026-11-28","18","Scheduled"
"BRE001|2026-11-28","BRE001","Box Room Elevator","Production","Weekly","2026-11-28","18","Scheduled"
"DCK001|2026-11-28","DCK001","Dock Pits","Production","Weekly","2026-11-28","18","Scheduled"
"FLT001|2026-11-28","FLT001","Forklifts","Production","Weekly","2026-11-28","18","Scheduled"
"KNR001|2026-11-28","KNR001","Knife Room","Production","Weekly","2026-11-28","18","Scheduled"
"LGT001|2026-11-28","LGT001","Light Covers","Sanitation","Weekly","2026-11-28","18","Scheduled"
"OHD001|2026-11-28","OHD001","1st Processing Overhead","Sanitation","Weekly","2026-11-28","18","Scheduled"
"OHD002|2026-11-28","OHD002","2nd Processing Overhead","Sanitation","Weekly","2026-11-28","18","Scheduled"
"OSG001|2026-11-28","OSG001","Outside Grounds","Production","Weekly","2026-11-28","18","Scheduled"
"SLC001|2026-11-28","SLC001","SLC Scales","Production","Weekly","2026-11-28","18","Scheduled"
"SOP001|2026-11-28","SOP001","Soap Room","Sanitation","Weekly","2026-11-28","18","Scheduled"
"BRM001|2026-12-01","BRM001","Box Room","Production","Monthly","2026-12-01","5","Scheduled"
"BRW001|2026-12-01","BRW001","Box Room Warehouse","Production","Monthly","2026-12-01","5","Scheduled"
"CIP001|2026-12-01","CIP001","CIP Systems","Sanitation","Monthly","2026-12-01","5","Scheduled"
"CVP001|2026-12-01","CVP001","CVP Machines","Production","Monthly","2026-12-01","5","Scheduled"
"EXH001|2026-12-01","EXH001","Exhaust Fans and Heaters","Maintenance","Monthly","2026-12-01","5","Scheduled"
"OFF001|2026-12-01","OFF001","Offal Building","Production","Every 2 Months","2026-12-01","3","Scheduled"
"SCG001|2026-12-01","SCG001","Supply Cage","Production","Monthly","2026-12-01","5","Scheduled"
"SHP001|2026-12-01","SHP001","Shipping Docks","Production","Monthly","2026-12-01","5","Scheduled"
"SUP001|2026-12-01","SUP001","Supply Room","Production","Monthly","2026-12-01","5","Scheduled"
"AIR001|2026-12-05","AIR001","Air Curtains","Sanitation","Weekly","2026-12-05","19","Scheduled"
"BCH001|2026-12-05","BCH001","Box Chutes","Sanitation","Weekly","2026-12-05","19","Scheduled"
"BRE001|2026-12-05","BRE001","Box Room Elevator","Production","Weekly","2026-12-05","19","Scheduled"
"DCK001|2026-12-05","DCK001","Dock Pits","Production","Weekly","2026-12-05","19","Scheduled"
"FLT001|2026-12-05","FLT001","Forklifts","Production","Weekly","2026-12-05","19","Scheduled"
"ICE001|2026-12-05","ICE001","Ice House & Augers","Sanitation","Bi-Weekly","2026-12-05","10","Scheduled"
"KNR001|2026-12-05","KNR001","Knife Room","Production","Weekly","2026-12-05","19","Scheduled"
"LGT001|2026-12-05","LGT001","Light Covers","Sanitation","Weekly","2026-12-05","19","Scheduled"
"OHD001|2026-12-05","OHD001","1st Processing Overhead","Sanitation","Weekly","2026-12-05","19","Scheduled"
"OHD002|2026-12-05","OHD002","2nd Processing Overhead","Sanitation","Weekly","2026-12-05","19","Scheduled"
"OSG001|2026-12-05","OSG001","Outside Grounds","Production","Weekly","2026-12-05","19","Scheduled"
"SLC001|2026-12-05","SLC001","SLC Scales","Production","Weekly","2026-12-05","19","Scheduled"
"SOP001|2026-12-05","SOP001","Soap Room","Sanitation","Weekly","2026-12-05","19","Scheduled"
"AIR001|2026-12-12","AIR001","Air Curtains","Sanitation","Weekly","2026-12-12","20","Scheduled"
"BCH001|2026-12-12","BCH001","Box Chutes","Sanitation","Weekly","2026-12-12","20","Scheduled"
"BRE001|2026-12-12","BRE001","Box Room Elevator","Production","Weekly","2026-12-12","20","Scheduled"
"DCK001|2026-12-12","DCK001","Dock Pits","Production","Weekly","2026-12-12","20","Scheduled"
"FLT001|2026-12-12","FLT001","Forklifts","Production","Weekly","2026-12-12","20","Scheduled"
"KNR001|2026-12-12","KNR001","Knife Room","Production","Weekly","2026-12-12","20","Scheduled"
"LGT001|2026-12-12","LGT001","Light Covers","Sanitation","Weekly","2026-12-12","20","Scheduled"
"OHD001|2026-12-12","OHD001","1st Processing Overhead","Sanitation","Weekly","2026-12-12","20","Scheduled"
"OHD002|2026-12-12","OHD002","2nd Processing Overhead","Sanitation","Weekly","2026-12-12","20","Scheduled"
"OSG001|2026-12-12","OSG001","Outside Grounds","Production","Weekly","2026-12-12","20","Scheduled"
"SLC001|2026-12-12","SLC001","SLC Scales","Production","Weekly","2026-12-12","20","Scheduled"
"SOP001|2026-12-12","SOP001","Soap Room","Sanitation","Weekly","2026-12-12","20","Scheduled"
"AIR001|2026-12-19","AIR001","Air Curtains","Sanitation","Weekly","2026-12-19","21","Scheduled"
"BCH001|2026-12-19","BCH001","Box Chutes","Sanitation","Weekly","2026-12-19","21","Scheduled"
"BRE001|2026-12-19","BRE001","Box Room Elevator","Production","Weekly","2026-12-19","21","Scheduled"
"DCK001|2026-12-19","DCK001","Dock Pits","Production","Weekly","2026-12-19","21","Scheduled"
"FLT001|2026-12-19","FLT001","Forklifts","Production","Weekly","2026-12-19","21","Scheduled"
"ICE001|2026-12-19","ICE001","Ice House & Augers","Sanitation","Bi-Weekly","2026-12-19","11","Scheduled"
"KNR001|2026-12-19","KNR001","Knife Room","Production","Weekly","2026-12-19","21","Scheduled"
"LGT001|2026-12-19","LGT001","Light Covers","Sanitation","Weekly","2026-12-19","21","Scheduled"
"OHD001|2026-12-19","OHD001","1st Processing Overhead","Sanitation","Weekly","2026-12-19","21","Scheduled"
"OHD002|2026-12-19","OHD002","2nd Processing Overhead","Sanitation","Weekly","2026-12-19","21","Scheduled"
"OSG001|2026-12-19","OSG001","Outside Grounds","Production","Weekly","2026-12-19","21","Scheduled"
"SLC001|2026-12-19","SLC001","SLC Scales","Production","Weekly","2026-12-19","21","Scheduled"
"SOP001|2026-12-19","SOP001","Soap Room","Sanitation","Weekly","2026-12-19","21","Scheduled"
"AIR001|2026-12-26","AIR001","Air Curtains","Sanitation","Weekly","2026-12-26","22","Scheduled"
"BCH001|2026-12-26","BCH001","Box Chutes","Sanitation","Weekly","2026-12-26","22","Scheduled"
"BRE001|2026-12-26","BRE001","Box Room Elevator","Production","Weekly","2026-12-26","22","Scheduled"
"DCK001|2026-12-26","DCK001","Dock Pits","Production","Weekly","2026-12-26","22","Scheduled"
"FLT001|2026-12-26","FLT001","Forklifts","Production","Weekly","2026-12-26","22","Scheduled"
"KNR001|2026-12-26","KNR001","Knife Room","Production","Weekly","2026-12-26","22","Scheduled"
"LGT001|2026-12-26","LGT001","Light Covers","Sanitation","Weekly","2026-12-26","22","Scheduled"
"OHD001|2026-12-26","OHD001","1st Processing Overhead","Sanitation","Weekly","2026-12-26","22","Scheduled"
"OHD002|2026-12-26","OHD002","2nd Processing Overhead","Sanitation","Weekly","2026-12-26","22","Scheduled"
"OSG001|2026-12-26","OSG001","Outside Grounds","Production","Weekly","2026-12-26","22","Scheduled"
"SLC001|2026-12-26","SLC001","SLC Scales","Production","Weekly","2026-12-26","22","Scheduled"
"SOP001|2026-12-26","SOP001","Soap Room","Sanitation","Weekly","2026-12-26","22","Scheduled"
"BRM001|2027-01-01","BRM001","Box Room","Production","Monthly","2027-01-01","6","Scheduled"
"BRW001|2027-01-01","BRW001","Box Room Warehouse","Production","Monthly","2027-01-01","6","Scheduled"
"CIP001|2027-01-01","CIP001","CIP Systems","Sanitation","Monthly","2027-01-01","6","Scheduled"
"CVP001|2027-01-01","CVP001","CVP Machines","Production","Monthly","2027-01-01","6","Scheduled"
"EXH001|2027-01-01","EXH001","Exhaust Fans and Heaters","Maintenance","Monthly","2027-01-01","6","Scheduled"
"SCG001|2027-01-01","SCG001","Supply Cage","Production","Monthly","2027-01-01","6","Scheduled"
"SHP001|2027-01-01","SHP001","Shipping Docks","Production","Monthly","2027-01-01","6","Scheduled"
"SUP001|2027-01-01","SUP001","Supply Room","Production","Monthly","2027-01-01","6","Scheduled"
"AIR001|2027-01-02","AIR001","Air Curtains","Sanitation","Weekly","2027-01-02","23","Scheduled"
"BCH001|2027-01-02","BCH001","Box Chutes","Sanitation","Weekly","2027-01-02","23","Scheduled"
"BRE001|2027-01-02","BRE001","Box Room Elevator","Production","Weekly","2027-01-02","23","Scheduled"
"DCK001|2027-01-02","DCK001","Dock Pits","Production","Weekly","2027-01-02","23","Scheduled"
"FLT001|2027-01-02","FLT001","Forklifts","Production","Weekly","2027-01-02","23","Scheduled"
"ICE001|2027-01-02","ICE001","Ice House & Augers","Sanitation","Bi-Weekly","2027-01-02","12","Scheduled"
"KNR001|2027-01-02","KNR001","Knife Room","Production","Weekly","2027-01-02","23","Scheduled"
"LGT001|2027-01-02","LGT001","Light Covers","Sanitation","Weekly","2027-01-02","23","Scheduled"
"OHD001|2027-01-02","OHD001","1st Processing Overhead","Sanitation","Weekly","2027-01-02","23","Scheduled"
"OHD002|2027-01-02","OHD002","2nd Processing Overhead","Sanitation","Weekly","2027-01-02","23","Scheduled"
"OSG001|2027-01-02","OSG001","Outside Grounds","Production","Weekly","2027-01-02","23","Scheduled"
"SLC001|2027-01-02","SLC001","SLC Scales","Production","Weekly","2027-01-02","23","Scheduled"
"SOP001|2027-01-02","SOP001","Soap Room","Sanitation","Weekly","2027-01-02","23","Scheduled"
"AIR001|2027-01-09","AIR001","Air Curtains","Sanitation","Weekly","2027-01-09","24","Scheduled"
"BCH001|2027-01-09","BCH001","Box Chutes","Sanitation","Weekly","2027-01-09","24","Scheduled"
"BRE001|2027-01-09","BRE001","Box Room Elevator","Production","Weekly","2027-01-09","24","Scheduled"
"DCK001|2027-01-09","DCK001","Dock Pits","Production","Weekly","2027-01-09","24","Scheduled"
"FLT001|2027-01-09","FLT001","Forklifts","Production","Weekly","2027-01-09","24","Scheduled"
"KNR001|2027-01-09","KNR001","Knife Room","Production","Weekly","2027-01-09","24","Scheduled"
"LGT001|2027-01-09","LGT001","Light Covers","Sanitation","Weekly","2027-01-09","24","Scheduled"
"OHD001|2027-01-09","OHD001","1st Processing Overhead","Sanitation","Weekly","2027-01-09","24","Scheduled"
"OHD002|2027-01-09","OHD002","2nd Processing Overhead","Sanitation","Weekly","2027-01-09","24","Scheduled"
"OSG001|2027-01-09","OSG001","Outside Grounds","Production","Weekly","2027-01-09","24","Scheduled"
"SLC001|2027-01-09","SLC001","SLC Scales","Production","Weekly","2027-01-09","24","Scheduled"
"SOP001|2027-01-09","SOP001","Soap Room","Sanitation","Weekly","2027-01-09","24","Scheduled"
"AIR001|2027-01-16","AIR001","Air Curtains","Sanitation","Weekly","2027-01-16","25","Scheduled"
"BCH001|2027-01-16","BCH001","Box Chutes","Sanitation","Weekly","2027-01-16","25","Scheduled"
"BRE001|2027-01-16","BRE001","Box Room Elevator","Production","Weekly","2027-01-16","25","Scheduled"
"DCK001|2027-01-16","DCK001","Dock Pits","Production","Weekly","2027-01-16","25","Scheduled"
"FLT001|2027-01-16","FLT001","Forklifts","Production","Weekly","2027-01-16","25","Scheduled"
"ICE001|2027-01-16","ICE001","Ice House & Augers","Sanitation","Bi-Weekly","2027-01-16","13","Scheduled"
"KNR001|2027-01-16","KNR001","Knife Room","Production","Weekly","2027-01-16","25","Scheduled"
"LGT001|2027-01-16","LGT001","Light Covers","Sanitation","Weekly","2027-01-16","25","Scheduled"
"OHD001|2027-01-16","OHD001","1st Processing Overhead","Sanitation","Weekly","2027-01-16","25","Scheduled"
"OHD002|2027-01-16","OHD002","2nd Processing Overhead","Sanitation","Weekly","2027-01-16","25","Scheduled"
"OSG001|2027-01-16","OSG001","Outside Grounds","Production","Weekly","2027-01-16","25","Scheduled"
"SLC001|2027-01-16","SLC001","SLC Scales","Production","Weekly","2027-01-16","25","Scheduled"
"SOP001|2027-01-16","SOP001","Soap Room","Sanitation","Weekly","2027-01-16","25","Scheduled"
"AIR001|2027-01-23","AIR001","Air Curtains","Sanitation","Weekly","2027-01-23","26","Scheduled"
"BCH001|2027-01-23","BCH001","Box Chutes","Sanitation","Weekly","2027-01-23","26","Scheduled"
"BRE001|2027-01-23","BRE001","Box Room Elevator","Production","Weekly","2027-01-23","26","Scheduled"
"DCK001|2027-01-23","DCK001","Dock Pits","Production","Weekly","2027-01-23","26","Scheduled"
"FLT001|2027-01-23","FLT001","Forklifts","Production","Weekly","2027-01-23","26","Scheduled"
"KNR001|2027-01-23","KNR001","Knife Room","Production","Weekly","2027-01-23","26","Scheduled"
"LGT001|2027-01-23","LGT001","Light Covers","Sanitation","Weekly","2027-01-23","26","Scheduled"
"OHD001|2027-01-23","OHD001","1st Processing Overhead","Sanitation","Weekly","2027-01-23","26","Scheduled"
"OHD002|2027-01-23","OHD002","2nd Processing Overhead","Sanitation","Weekly","2027-01-23","26","Scheduled"
"OSG001|2027-01-23","OSG001","Outside Grounds","Production","Weekly","2027-01-23","26","Scheduled"
"SLC001|2027-01-23","SLC001","SLC Scales","Production","Weekly","2027-01-23","26","Scheduled"
"SOP001|2027-01-23","SOP001","Soap Room","Sanitation","Weekly","2027-01-23","26","Scheduled"
"AIR001|2027-01-30","AIR001","Air Curtains","Sanitation","Weekly","2027-01-30","27","Scheduled"
"BCH001|2027-01-30","BCH001","Box Chutes","Sanitation","Weekly","2027-01-30","27","Scheduled"
"BRE001|2027-01-30","BRE001","Box Room Elevator","Production","Weekly","2027-01-30","27","Scheduled"
"DCK001|2027-01-30","DCK001","Dock Pits","Production","Weekly","2027-01-30","27","Scheduled"
"FLT001|2027-01-30","FLT001","Forklifts","Production","Weekly","2027-01-30","27","Scheduled"
"ICE001|2027-01-30","ICE001","Ice House & Augers","Sanitation","Bi-Weekly","2027-01-30","14","Scheduled"
"KNR001|2027-01-30","KNR001","Knife Room","Production","Weekly","2027-01-30","27","Scheduled"
"LGT001|2027-01-30","LGT001","Light Covers","Sanitation","Weekly","2027-01-30","27","Scheduled"
"OHD001|2027-01-30","OHD001","1st Processing Overhead","Sanitation","Weekly","2027-01-30","27","Scheduled"
"OHD002|2027-01-30","OHD002","2nd Processing Overhead","Sanitation","Weekly","2027-01-30","27","Scheduled"
"OSG001|2027-01-30","OSG001","Outside Grounds","Production","Weekly","2027-01-30","27","Scheduled"
"SLC001|2027-01-30","SLC001","SLC Scales","Production","Weekly","2027-01-30","27","Scheduled"
"SOP001|2027-01-30","SOP001","Soap Room","Sanitation","Weekly","2027-01-30","27","Scheduled"
"BLD001|2027-02-01","BLD001","Building Repair","Maintenance","Quarterly","2027-02-01","3","Scheduled"
"BRM001|2027-02-01","BRM001","Box Room","Production","Monthly","2027-02-01","7","Scheduled"
"BRW001|2027-02-01","BRW001","Box Room Warehouse","Production","Monthly","2027-02-01","7","Scheduled"
"CIP001|2027-02-01","CIP001","CIP Systems","Sanitation","Monthly","2027-02-01","7","Scheduled"
"CLW001|2027-02-01","CLW001","Cooler Walls","Maintenance","Quarterly","2027-02-01","3","Scheduled"
"COL001|2027-02-01","COL001","Cooler Overheads","Maintenance","Quarterly","2027-02-01","3","Scheduled"
"CVP001|2027-02-01","CVP001","CVP Machines","Production","Monthly","2027-02-01","7","Scheduled"
"EXH001|2027-02-01","EXH001","Exhaust Fans and Heaters","Maintenance","Monthly","2027-02-01","7","Scheduled"
"MEP001|2027-02-01","MEP001","Maintenance Electrical & Pump Rooms","Maintenance","Quarterly","2027-02-01","3","Scheduled"
"MSH001|2027-02-01","MSH001","Maintenance Shops","Maintenance","Quarterly","2027-02-01","3","Scheduled"
"OFF001|2027-02-01","OFF001","Offal Building","Production","Every 2 Months","2027-02-01","4","Scheduled"
"SCG001|2027-02-01","SCG001","Supply Cage","Production","Monthly","2027-02-01","7","Scheduled"
"SHP001|2027-02-01","SHP001","Shipping Docks","Production","Monthly","2027-02-01","7","Scheduled"
"SUP001|2027-02-01","SUP001","Supply Room","Production","Monthly","2027-02-01","7","Scheduled"
"AIR001|2027-02-06","AIR001","Air Curtains","Sanitation","Weekly","2027-02-06","28","Scheduled"
"BCH001|2027-02-06","BCH001","Box Chutes","Sanitation","Weekly","2027-02-06","28","Scheduled"
"BRE001|2027-02-06","BRE001","Box Room Elevator","Production","Weekly","2027-02-06","28","Scheduled"
"DCK001|2027-02-06","DCK001","Dock Pits","Production","Weekly","2027-02-06","28","Scheduled"
"FLT001|2027-02-06","FLT001","Forklifts","Production","Weekly","2027-02-06","28","Scheduled"
"KNR001|2027-02-06","KNR001","Knife Room","Production","Weekly","2027-02-06","28","Scheduled"
"LGT001|2027-02-06","LGT001","Light Covers","Sanitation","Weekly","2027-02-06","28","Scheduled"
"OHD001|2027-02-06","OHD001","1st Processing Overhead","Sanitation","Weekly","2027-02-06","28","Scheduled"
"OHD002|2027-02-06","OHD002","2nd Processing Overhead","Sanitation","Weekly","2027-02-06","28","Scheduled"
"OSG001|2027-02-06","OSG001","Outside Grounds","Production","Weekly","2027-02-06","28","Scheduled"
"SLC001|2027-02-06","SLC001","SLC Scales","Production","Weekly","2027-02-06","28","Scheduled"
"SOP001|2027-02-06","SOP001","Soap Room","Sanitation","Weekly","2027-02-06","28","Scheduled"
"AIR001|2027-02-13","AIR001","Air Curtains","Sanitation","Weekly","2027-02-13","29","Scheduled"
"BCH001|2027-02-13","BCH001","Box Chutes","Sanitation","Weekly","2027-02-13","29","Scheduled"
"BRE001|2027-02-13","BRE001","Box Room Elevator","Production","Weekly","2027-02-13","29","Scheduled"
"DCK001|2027-02-13","DCK001","Dock Pits","Production","Weekly","2027-02-13","29","Scheduled"
"FLT001|2027-02-13","FLT001","Forklifts","Production","Weekly","2027-02-13","29","Scheduled"
"ICE001|2027-02-13","ICE001","Ice House & Augers","Sanitation","Bi-Weekly","2027-02-13","15","Scheduled"
"KNR001|2027-02-13","KNR001","Knife Room","Production","Weekly","2027-02-13","29","Scheduled"
"LGT001|2027-02-13","LGT001","Light Covers","Sanitation","Weekly","2027-02-13","29","Scheduled"
"OHD001|2027-02-13","OHD001","1st Processing Overhead","Sanitation","Weekly","2027-02-13","29","Scheduled"
"OHD002|2027-02-13","OHD002","2nd Processing Overhead","Sanitation","Weekly","2027-02-13","29","Scheduled"
"OSG001|2027-02-13","OSG001","Outside Grounds","Production","Weekly","2027-02-13","29","Scheduled"
"SLC001|2027-02-13","SLC001","SLC Scales","Production","Weekly","2027-02-13","29","Scheduled"
"SOP001|2027-02-13","SOP001","Soap Room","Sanitation","Weekly","2027-02-13","29","Scheduled"
"AIR001|2027-02-20","AIR001","Air Curtains","Sanitation","Weekly","2027-02-20","30","Scheduled"
"BCH001|2027-02-20","BCH001","Box Chutes","Sanitation","Weekly","2027-02-20","30","Scheduled"
"BRE001|2027-02-20","BRE001","Box Room Elevator","Production","Weekly","2027-02-20","30","Scheduled"
"DCK001|2027-02-20","DCK001","Dock Pits","Production","Weekly","2027-02-20","30","Scheduled"
"FLT001|2027-02-20","FLT001","Forklifts","Production","Weekly","2027-02-20","30","Scheduled"
"KNR001|2027-02-20","KNR001","Knife Room","Production","Weekly","2027-02-20","30","Scheduled"
"LGT001|2027-02-20","LGT001","Light Covers","Sanitation","Weekly","2027-02-20","30","Scheduled"
"OHD001|2027-02-20","OHD001","1st Processing Overhead","Sanitation","Weekly","2027-02-20","30","Scheduled"
"OHD002|2027-02-20","OHD002","2nd Processing Overhead","Sanitation","Weekly","2027-02-20","30","Scheduled"
"OSG001|2027-02-20","OSG001","Outside Grounds","Production","Weekly","2027-02-20","30","Scheduled"
"SLC001|2027-02-20","SLC001","SLC Scales","Production","Weekly","2027-02-20","30","Scheduled"
"SOP001|2027-02-20","SOP001","Soap Room","Sanitation","Weekly","2027-02-20","30","Scheduled"
"AIR001|2027-02-27","AIR001","Air Curtains","Sanitation","Weekly","2027-02-27","31","Scheduled"
"BCH001|2027-02-27","BCH001","Box Chutes","Sanitation","Weekly","2027-02-27","31","Scheduled"
"BRE001|2027-02-27","BRE001","Box Room Elevator","Production","Weekly","2027-02-27","31","Scheduled"
"DCK001|2027-02-27","DCK001","Dock Pits","Production","Weekly","2027-02-27","31","Scheduled"
"FLT001|2027-02-27","FLT001","Forklifts","Production","Weekly","2027-02-27","31","Scheduled"
"ICE001|2027-02-27","ICE001","Ice House & Augers","Sanitation","Bi-Weekly","2027-02-27","16","Scheduled"
"KNR001|2027-02-27","KNR001","Knife Room","Production","Weekly","2027-02-27","31","Scheduled"
"LGT001|2027-02-27","LGT001","Light Covers","Sanitation","Weekly","2027-02-27","31","Scheduled"
"OHD001|2027-02-27","OHD001","1st Processing Overhead","Sanitation","Weekly","2027-02-27","31","Scheduled"
"OHD002|2027-02-27","OHD002","2nd Processing Overhead","Sanitation","Weekly","2027-02-27","31","Scheduled"
"OSG001|2027-02-27","OSG001","Outside Grounds","Production","Weekly","2027-02-27","31","Scheduled"
"SLC001|2027-02-27","SLC001","SLC Scales","Production","Weekly","2027-02-27","31","Scheduled"
"SOP001|2027-02-27","SOP001","Soap Room","Sanitation","Weekly","2027-02-27","31","Scheduled"
"BRM001|2027-03-01","BRM001","Box Room","Production","Monthly","2027-03-01","8","Scheduled"
"BRW001|2027-03-01","BRW001","Box Room Warehouse","Production","Monthly","2027-03-01","8","Scheduled"
"CIP001|2027-03-01","CIP001","CIP Systems","Sanitation","Monthly","2027-03-01","8","Scheduled"
"CVP001|2027-03-01","CVP001","CVP Machines","Production","Monthly","2027-03-01","8","Scheduled"
"EXH001|2027-03-01","EXH001","Exhaust Fans and Heaters","Maintenance","Monthly","2027-03-01","8","Scheduled"
"SCG001|2027-03-01","SCG001","Supply Cage","Production","Monthly","2027-03-01","8","Scheduled"
"SHP001|2027-03-01","SHP001","Shipping Docks","Production","Monthly","2027-03-01","8","Scheduled"
"SUP001|2027-03-01","SUP001","Supply Room","Production","Monthly","2027-03-01","8","Scheduled"
"AIR001|2027-03-06","AIR001","Air Curtains","Sanitation","Weekly","2027-03-06","32","Scheduled"
"BCH001|2027-03-06","BCH001","Box Chutes","Sanitation","Weekly","2027-03-06","32","Scheduled"
"BRE001|2027-03-06","BRE001","Box Room Elevator","Production","Weekly","2027-03-06","32","Scheduled"
"DCK001|2027-03-06","DCK001","Dock Pits","Production","Weekly","2027-03-06","32","Scheduled"
"FLT001|2027-03-06","FLT001","Forklifts","Production","Weekly","2027-03-06","32","Scheduled"
"KNR001|2027-03-06","KNR001","Knife Room","Production","Weekly","2027-03-06","32","Scheduled"
"LGT001|2027-03-06","LGT001","Light Covers","Sanitation","Weekly","2027-03-06","32","Scheduled"
"OHD001|2027-03-06","OHD001","1st Processing Overhead","Sanitation","Weekly","2027-03-06","32","Scheduled"
"OHD002|2027-03-06","OHD002","2nd Processing Overhead","Sanitation","Weekly","2027-03-06","32","Scheduled"
"OSG001|2027-03-06","OSG001","Outside Grounds","Production","Weekly","2027-03-06","32","Scheduled"
"SLC001|2027-03-06","SLC001","SLC Scales","Production","Weekly","2027-03-06","32","Scheduled"
"SOP001|2027-03-06","SOP001","Soap Room","Sanitation","Weekly","2027-03-06","32","Scheduled"
"AIR001|2027-03-13","AIR001","Air Curtains","Sanitation","Weekly","2027-03-13","33","Scheduled"
"BCH001|2027-03-13","BCH001","Box Chutes","Sanitation","Weekly","2027-03-13","33","Scheduled"
"BRE001|2027-03-13","BRE001","Box Room Elevator","Production","Weekly","2027-03-13","33","Scheduled"
"DCK001|2027-03-13","DCK001","Dock Pits","Production","Weekly","2027-03-13","33","Scheduled"
"FLT001|2027-03-13","FLT001","Forklifts","Production","Weekly","2027-03-13","33","Scheduled"
"ICE001|2027-03-13","ICE001","Ice House & Augers","Sanitation","Bi-Weekly","2027-03-13","17","Scheduled"
"KNR001|2027-03-13","KNR001","Knife Room","Production","Weekly","2027-03-13","33","Scheduled"
"LGT001|2027-03-13","LGT001","Light Covers","Sanitation","Weekly","2027-03-13","33","Scheduled"
"OHD001|2027-03-13","OHD001","1st Processing Overhead","Sanitation","Weekly","2027-03-13","33","Scheduled"
"OHD002|2027-03-13","OHD002","2nd Processing Overhead","Sanitation","Weekly","2027-03-13","33","Scheduled"
"OSG001|2027-03-13","OSG001","Outside Grounds","Production","Weekly","2027-03-13","33","Scheduled"
"SLC001|2027-03-13","SLC001","SLC Scales","Production","Weekly","2027-03-13","33","Scheduled"
"SOP001|2027-03-13","SOP001","Soap Room","Sanitation","Weekly","2027-03-13","33","Scheduled"
"AIR001|2027-03-20","AIR001","Air Curtains","Sanitation","Weekly","2027-03-20","34","Scheduled"
"BCH001|2027-03-20","BCH001","Box Chutes","Sanitation","Weekly","2027-03-20","34","Scheduled"
"BRE001|2027-03-20","BRE001","Box Room Elevator","Production","Weekly","2027-03-20","34","Scheduled"
"DCK001|2027-03-20","DCK001","Dock Pits","Production","Weekly","2027-03-20","34","Scheduled"
"FLT001|2027-03-20","FLT001","Forklifts","Production","Weekly","2027-03-20","34","Scheduled"
"KNR001|2027-03-20","KNR001","Knife Room","Production","Weekly","2027-03-20","34","Scheduled"
"LGT001|2027-03-20","LGT001","Light Covers","Sanitation","Weekly","2027-03-20","34","Scheduled"
"OHD001|2027-03-20","OHD001","1st Processing Overhead","Sanitation","Weekly","2027-03-20","34","Scheduled"
"OHD002|2027-03-20","OHD002","2nd Processing Overhead","Sanitation","Weekly","2027-03-20","34","Scheduled"
"OSG001|2027-03-20","OSG001","Outside Grounds","Production","Weekly","2027-03-20","34","Scheduled"
"SLC001|2027-03-20","SLC001","SLC Scales","Production","Weekly","2027-03-20","34","Scheduled"
"SOP001|2027-03-20","SOP001","Soap Room","Sanitation","Weekly","2027-03-20","34","Scheduled"
"AIR001|2027-03-27","AIR001","Air Curtains","Sanitation","Weekly","2027-03-27","35","Scheduled"
"BCH001|2027-03-27","BCH001","Box Chutes","Sanitation","Weekly","2027-03-27","35","Scheduled"
"BRE001|2027-03-27","BRE001","Box Room Elevator","Production","Weekly","2027-03-27","35","Scheduled"
"DCK001|2027-03-27","DCK001","Dock Pits","Production","Weekly","2027-03-27","35","Scheduled"
"FLT001|2027-03-27","FLT001","Forklifts","Production","Weekly","2027-03-27","35","Scheduled"
"ICE001|2027-03-27","ICE001","Ice House & Augers","Sanitation","Bi-Weekly","2027-03-27","18","Scheduled"
"KNR001|2027-03-27","KNR001","Knife Room","Production","Weekly","2027-03-27","35","Scheduled"
"LGT001|2027-03-27","LGT001","Light Covers","Sanitation","Weekly","2027-03-27","35","Scheduled"
"OHD001|2027-03-27","OHD001","1st Processing Overhead","Sanitation","Weekly","2027-03-27","35","Scheduled"
"OHD002|2027-03-27","OHD002","2nd Processing Overhead","Sanitation","Weekly","2027-03-27","35","Scheduled"
"OSG001|2027-03-27","OSG001","Outside Grounds","Production","Weekly","2027-03-27","35","Scheduled"
"SLC001|2027-03-27","SLC001","SLC Scales","Production","Weekly","2027-03-27","35","Scheduled"
"SOP001|2027-03-27","SOP001","Soap Room","Sanitation","Weekly","2027-03-27","35","Scheduled"
"BRM001|2027-04-01","BRM001","Box Room","Production","Monthly","2027-04-01","9","Scheduled"
"BRW001|2027-04-01","BRW001","Box Room Warehouse","Production","Monthly","2027-04-01","9","Scheduled"
"CIP001|2027-04-01","CIP001","CIP Systems","Sanitation","Monthly","2027-04-01","9","Scheduled"
"CVP001|2027-04-01","CVP001","CVP Machines","Production","Monthly","2027-04-01","9","Scheduled"
"EXH001|2027-04-01","EXH001","Exhaust Fans and Heaters","Maintenance","Monthly","2027-04-01","9","Scheduled"
"OFF001|2027-04-01","OFF001","Offal Building","Production","Every 2 Months","2027-04-01","5","Scheduled"
"SCG001|2027-04-01","SCG001","Supply Cage","Production","Monthly","2027-04-01","9","Scheduled"
"SHP001|2027-04-01","SHP001","Shipping Docks","Production","Monthly","2027-04-01","9","Scheduled"
"SUP001|2027-04-01","SUP001","Supply Room","Production","Monthly","2027-04-01","9","Scheduled"
"AIR001|2027-04-03","AIR001","Air Curtains","Sanitation","Weekly","2027-04-03","36","Scheduled"
"BCH001|2027-04-03","BCH001","Box Chutes","Sanitation","Weekly","2027-04-03","36","Scheduled"
"BRE001|2027-04-03","BRE001","Box Room Elevator","Production","Weekly","2027-04-03","36","Scheduled"
"DCK001|2027-04-03","DCK001","Dock Pits","Production","Weekly","2027-04-03","36","Scheduled"
"FLT001|2027-04-03","FLT001","Forklifts","Production","Weekly","2027-04-03","36","Scheduled"
"KNR001|2027-04-03","KNR001","Knife Room","Production","Weekly","2027-04-03","36","Scheduled"
"LGT001|2027-04-03","LGT001","Light Covers","Sanitation","Weekly","2027-04-03","36","Scheduled"
"OHD001|2027-04-03","OHD001","1st Processing Overhead","Sanitation","Weekly","2027-04-03","36","Scheduled"
"OHD002|2027-04-03","OHD002","2nd Processing Overhead","Sanitation","Weekly","2027-04-03","36","Scheduled"
"OSG001|2027-04-03","OSG001","Outside Grounds","Production","Weekly","2027-04-03","36","Scheduled"
"SLC001|2027-04-03","SLC001","SLC Scales","Production","Weekly","2027-04-03","36","Scheduled"
"SOP001|2027-04-03","SOP001","Soap Room","Sanitation","Weekly","2027-04-03","36","Scheduled"
"AIR001|2027-04-10","AIR001","Air Curtains","Sanitation","Weekly","2027-04-10","37","Scheduled"
"BCH001|2027-04-10","BCH001","Box Chutes","Sanitation","Weekly","2027-04-10","37","Scheduled"
"BRE001|2027-04-10","BRE001","Box Room Elevator","Production","Weekly","2027-04-10","37","Scheduled"
"DCK001|2027-04-10","DCK001","Dock Pits","Production","Weekly","2027-04-10","37","Scheduled"
"FLT001|2027-04-10","FLT001","Forklifts","Production","Weekly","2027-04-10","37","Scheduled"
"ICE001|2027-04-10","ICE001","Ice House & Augers","Sanitation","Bi-Weekly","2027-04-10","19","Scheduled"
"KNR001|2027-04-10","KNR001","Knife Room","Production","Weekly","2027-04-10","37","Scheduled"
"LGT001|2027-04-10","LGT001","Light Covers","Sanitation","Weekly","2027-04-10","37","Scheduled"
"OHD001|2027-04-10","OHD001","1st Processing Overhead","Sanitation","Weekly","2027-04-10","37","Scheduled"
"OHD002|2027-04-10","OHD002","2nd Processing Overhead","Sanitation","Weekly","2027-04-10","37","Scheduled"
"OSG001|2027-04-10","OSG001","Outside Grounds","Production","Weekly","2027-04-10","37","Scheduled"
"SLC001|2027-04-10","SLC001","SLC Scales","Production","Weekly","2027-04-10","37","Scheduled"
"SOP001|2027-04-10","SOP001","Soap Room","Sanitation","Weekly","2027-04-10","37","Scheduled"
"AIR001|2027-04-17","AIR001","Air Curtains","Sanitation","Weekly","2027-04-17","38","Scheduled"
"BCH001|2027-04-17","BCH001","Box Chutes","Sanitation","Weekly","2027-04-17","38","Scheduled"
"BRE001|2027-04-17","BRE001","Box Room Elevator","Production","Weekly","2027-04-17","38","Scheduled"
"DCK001|2027-04-17","DCK001","Dock Pits","Production","Weekly","2027-04-17","38","Scheduled"
"FLT001|2027-04-17","FLT001","Forklifts","Production","Weekly","2027-04-17","38","Scheduled"
"KNR001|2027-04-17","KNR001","Knife Room","Production","Weekly","2027-04-17","38","Scheduled"
"LGT001|2027-04-17","LGT001","Light Covers","Sanitation","Weekly","2027-04-17","38","Scheduled"
"OHD001|2027-04-17","OHD001","1st Processing Overhead","Sanitation","Weekly","2027-04-17","38","Scheduled"
"OHD002|2027-04-17","OHD002","2nd Processing Overhead","Sanitation","Weekly","2027-04-17","38","Scheduled"
"OSG001|2027-04-17","OSG001","Outside Grounds","Production","Weekly","2027-04-17","38","Scheduled"
"SLC001|2027-04-17","SLC001","SLC Scales","Production","Weekly","2027-04-17","38","Scheduled"
"SOP001|2027-04-17","SOP001","Soap Room","Sanitation","Weekly","2027-04-17","38","Scheduled"
"AIR001|2027-04-24","AIR001","Air Curtains","Sanitation","Weekly","2027-04-24","39","Scheduled"
"BCH001|2027-04-24","BCH001","Box Chutes","Sanitation","Weekly","2027-04-24","39","Scheduled"
"BRE001|2027-04-24","BRE001","Box Room Elevator","Production","Weekly","2027-04-24","39","Scheduled"
"DCK001|2027-04-24","DCK001","Dock Pits","Production","Weekly","2027-04-24","39","Scheduled"
"FLT001|2027-04-24","FLT001","Forklifts","Production","Weekly","2027-04-24","39","Scheduled"
"ICE001|2027-04-24","ICE001","Ice House & Augers","Sanitation","Bi-Weekly","2027-04-24","20","Scheduled"
"KNR001|2027-04-24","KNR001","Knife Room","Production","Weekly","2027-04-24","39","Scheduled"
"LGT001|2027-04-24","LGT001","Light Covers","Sanitation","Weekly","2027-04-24","39","Scheduled"
"OHD001|2027-04-24","OHD001","1st Processing Overhead","Sanitation","Weekly","2027-04-24","39","Scheduled"
"OHD002|2027-04-24","OHD002","2nd Processing Overhead","Sanitation","Weekly","2027-04-24","39","Scheduled"
"OSG001|2027-04-24","OSG001","Outside Grounds","Production","Weekly","2027-04-24","39","Scheduled"
"SLC001|2027-04-24","SLC001","SLC Scales","Production","Weekly","2027-04-24","39","Scheduled"
"SOP001|2027-04-24","SOP001","Soap Room","Sanitation","Weekly","2027-04-24","39","Scheduled"
"AIR001|2027-05-01","AIR001","Air Curtains","Sanitation","Weekly","2027-05-01","40","Scheduled"
"BCH001|2027-05-01","BCH001","Box Chutes","Sanitation","Weekly","2027-05-01","40","Scheduled"
"BLD001|2027-05-01","BLD001","Building Repair","Maintenance","Quarterly","2027-05-01","4","Scheduled"
"BRE001|2027-05-01","BRE001","Box Room Elevator","Production","Weekly","2027-05-01","40","Scheduled"
"BRM001|2027-05-01","BRM001","Box Room","Production","Monthly","2027-05-01","10","Scheduled"
"BRW001|2027-05-01","BRW001","Box Room Warehouse","Production","Monthly","2027-05-01","10","Scheduled"
"CIP001|2027-05-01","CIP001","CIP Systems","Sanitation","Monthly","2027-05-01","10","Scheduled"
"CLW001|2027-05-01","CLW001","Cooler Walls","Maintenance","Quarterly","2027-05-01","4","Scheduled"
"COL001|2027-05-01","COL001","Cooler Overheads","Maintenance","Quarterly","2027-05-01","4","Scheduled"
"CVP001|2027-05-01","CVP001","CVP Machines","Production","Monthly","2027-05-01","10","Scheduled"
"DCK001|2027-05-01","DCK001","Dock Pits","Production","Weekly","2027-05-01","40","Scheduled"
"EXH001|2027-05-01","EXH001","Exhaust Fans and Heaters","Maintenance","Monthly","2027-05-01","10","Scheduled"
"FLT001|2027-05-01","FLT001","Forklifts","Production","Weekly","2027-05-01","40","Scheduled"
"KNR001|2027-05-01","KNR001","Knife Room","Production","Weekly","2027-05-01","40","Scheduled"
"LGT001|2027-05-01","LGT001","Light Covers","Sanitation","Weekly","2027-05-01","40","Scheduled"
"MEP001|2027-05-01","MEP001","Maintenance Electrical & Pump Rooms","Maintenance","Quarterly","2027-05-01","4","Scheduled"
"MSH001|2027-05-01","MSH001","Maintenance Shops","Maintenance","Quarterly","2027-05-01","4","Scheduled"
"OHD001|2027-05-01","OHD001","1st Processing Overhead","Sanitation","Weekly","2027-05-01","40","Scheduled"
"OHD002|2027-05-01","OHD002","2nd Processing Overhead","Sanitation","Weekly","2027-05-01","40","Scheduled"
"OSG001|2027-05-01","OSG001","Outside Grounds","Production","Weekly","2027-05-01","40","Scheduled"
"SCG001|2027-05-01","SCG001","Supply Cage","Production","Monthly","2027-05-01","10","Scheduled"
"SHP001|2027-05-01","SHP001","Shipping Docks","Production","Monthly","2027-05-01","10","Scheduled"
"SLC001|2027-05-01","SLC001","SLC Scales","Production","Weekly","2027-05-01","40","Scheduled"
"SOP001|2027-05-01","SOP001","Soap Room","Sanitation","Weekly","2027-05-01","40","Scheduled"
"SUP001|2027-05-01","SUP001","Supply Room","Production","Monthly","2027-05-01","10","Scheduled"
"AIR001|2027-05-08","AIR001","Air Curtains","Sanitation","Weekly","2027-05-08","41","Scheduled"
"BCH001|2027-05-08","BCH001","Box Chutes","Sanitation","Weekly","2027-05-08","41","Scheduled"
"BRE001|2027-05-08","BRE001","Box Room Elevator","Production","Weekly","2027-05-08","41","Scheduled"
"DCK001|2027-05-08","DCK001","Dock Pits","Production","Weekly","2027-05-08","41","Scheduled"
"FLT001|2027-05-08","FLT001","Forklifts","Production","Weekly","2027-05-08","41","Scheduled"
"ICE001|2027-05-08","ICE001","Ice House & Augers","Sanitation","Bi-Weekly","2027-05-08","21","Scheduled"
"KNR001|2027-05-08","KNR001","Knife Room","Production","Weekly","2027-05-08","41","Scheduled"
"LGT001|2027-05-08","LGT001","Light Covers","Sanitation","Weekly","2027-05-08","41","Scheduled"
"OHD001|2027-05-08","OHD001","1st Processing Overhead","Sanitation","Weekly","2027-05-08","41","Scheduled"
"OHD002|2027-05-08","OHD002","2nd Processing Overhead","Sanitation","Weekly","2027-05-08","41","Scheduled"
"OSG001|2027-05-08","OSG001","Outside Grounds","Production","Weekly","2027-05-08","41","Scheduled"
"SLC001|2027-05-08","SLC001","SLC Scales","Production","Weekly","2027-05-08","41","Scheduled"
"SOP001|2027-05-08","SOP001","Soap Room","Sanitation","Weekly","2027-05-08","41","Scheduled"
"AIR001|2027-05-15","AIR001","Air Curtains","Sanitation","Weekly","2027-05-15","42","Scheduled"
"BCH001|2027-05-15","BCH001","Box Chutes","Sanitation","Weekly","2027-05-15","42","Scheduled"
"BRE001|2027-05-15","BRE001","Box Room Elevator","Production","Weekly","2027-05-15","42","Scheduled"
"DCK001|2027-05-15","DCK001","Dock Pits","Production","Weekly","2027-05-15","42","Scheduled"
"FLT001|2027-05-15","FLT001","Forklifts","Production","Weekly","2027-05-15","42","Scheduled"
"KNR001|2027-05-15","KNR001","Knife Room","Production","Weekly","2027-05-15","42","Scheduled"
"LGT001|2027-05-15","LGT001","Light Covers","Sanitation","Weekly","2027-05-15","42","Scheduled"
"OHD001|2027-05-15","OHD001","1st Processing Overhead","Sanitation","Weekly","2027-05-15","42","Scheduled"
"OHD002|2027-05-15","OHD002","2nd Processing Overhead","Sanitation","Weekly","2027-05-15","42","Scheduled"
"OSG001|2027-05-15","OSG001","Outside Grounds","Production","Weekly","2027-05-15","42","Scheduled"
"SLC001|2027-05-15","SLC001","SLC Scales","Production","Weekly","2027-05-15","42","Scheduled"
"SOP001|2027-05-15","SOP001","Soap Room","Sanitation","Weekly","2027-05-15","42","Scheduled"
"AIR001|2027-05-22","AIR001","Air Curtains","Sanitation","Weekly","2027-05-22","43","Scheduled"
"BCH001|2027-05-22","BCH001","Box Chutes","Sanitation","Weekly","2027-05-22","43","Scheduled"
"BRE001|2027-05-22","BRE001","Box Room Elevator","Production","Weekly","2027-05-22","43","Scheduled"
"DCK001|2027-05-22","DCK001","Dock Pits","Production","Weekly","2027-05-22","43","Scheduled"
"FLT001|2027-05-22","FLT001","Forklifts","Production","Weekly","2027-05-22","43","Scheduled"
"ICE001|2027-05-22","ICE001","Ice House & Augers","Sanitation","Bi-Weekly","2027-05-22","22","Scheduled"
"KNR001|2027-05-22","KNR001","Knife Room","Production","Weekly","2027-05-22","43","Scheduled"
"LGT001|2027-05-22","LGT001","Light Covers","Sanitation","Weekly","2027-05-22","43","Scheduled"
"OHD001|2027-05-22","OHD001","1st Processing Overhead","Sanitation","Weekly","2027-05-22","43","Scheduled"
"OHD002|2027-05-22","OHD002","2nd Processing Overhead","Sanitation","Weekly","2027-05-22","43","Scheduled"
"OSG001|2027-05-22","OSG001","Outside Grounds","Production","Weekly","2027-05-22","43","Scheduled"
"SLC001|2027-05-22","SLC001","SLC Scales","Production","Weekly","2027-05-22","43","Scheduled"
"SOP001|2027-05-22","SOP001","Soap Room","Sanitation","Weekly","2027-05-22","43","Scheduled"
"AIR001|2027-05-29","AIR001","Air Curtains","Sanitation","Weekly","2027-05-29","44","Scheduled"
"BCH001|2027-05-29","BCH001","Box Chutes","Sanitation","Weekly","2027-05-29","44","Scheduled"
"BRE001|2027-05-29","BRE001","Box Room Elevator","Production","Weekly","2027-05-29","44","Scheduled"
"DCK001|2027-05-29","DCK001","Dock Pits","Production","Weekly","2027-05-29","44","Scheduled"
"FLT001|2027-05-29","FLT001","Forklifts","Production","Weekly","2027-05-29","44","Scheduled"
"KNR001|2027-05-29","KNR001","Knife Room","Production","Weekly","2027-05-29","44","Scheduled"
"LGT001|2027-05-29","LGT001","Light Covers","Sanitation","Weekly","2027-05-29","44","Scheduled"
"OHD001|2027-05-29","OHD001","1st Processing Overhead","Sanitation","Weekly","2027-05-29","44","Scheduled"
"OHD002|2027-05-29","OHD002","2nd Processing Overhead","Sanitation","Weekly","2027-05-29","44","Scheduled"
"OSG001|2027-05-29","OSG001","Outside Grounds","Production","Weekly","2027-05-29","44","Scheduled"
"SLC001|2027-05-29","SLC001","SLC Scales","Production","Weekly","2027-05-29","44","Scheduled"
"SOP001|2027-05-29","SOP001","Soap Room","Sanitation","Weekly","2027-05-29","44","Scheduled"
"BRM001|2027-06-01","BRM001","Box Room","Production","Monthly","2027-06-01","11","Scheduled"
"BRW001|2027-06-01","BRW001","Box Room Warehouse","Production","Monthly","2027-06-01","11","Scheduled"
"CIP001|2027-06-01","CIP001","CIP Systems","Sanitation","Monthly","2027-06-01","11","Scheduled"
"CVP001|2027-06-01","CVP001","CVP Machines","Production","Monthly","2027-06-01","11","Scheduled"
"EXH001|2027-06-01","EXH001","Exhaust Fans and Heaters","Maintenance","Monthly","2027-06-01","11","Scheduled"
"OFF001|2027-06-01","OFF001","Offal Building","Production","Every 2 Months","2027-06-01","6","Scheduled"
"SCG001|2027-06-01","SCG001","Supply Cage","Production","Monthly","2027-06-01","11","Scheduled"
"SHP001|2027-06-01","SHP001","Shipping Docks","Production","Monthly","2027-06-01","11","Scheduled"
"SUP001|2027-06-01","SUP001","Supply Room","Production","Monthly","2027-06-01","11","Scheduled"
"AIR001|2027-06-05","AIR001","Air Curtains","Sanitation","Weekly","2027-06-05","45","Scheduled"
"BCH001|2027-06-05","BCH001","Box Chutes","Sanitation","Weekly","2027-06-05","45","Scheduled"
"BRE001|2027-06-05","BRE001","Box Room Elevator","Production","Weekly","2027-06-05","45","Scheduled"
"DCK001|2027-06-05","DCK001","Dock Pits","Production","Weekly","2027-06-05","45","Scheduled"
"FLT001|2027-06-05","FLT001","Forklifts","Production","Weekly","2027-06-05","45","Scheduled"
"ICE001|2027-06-05","ICE001","Ice House & Augers","Sanitation","Bi-Weekly","2027-06-05","23","Scheduled"
"KNR001|2027-06-05","KNR001","Knife Room","Production","Weekly","2027-06-05","45","Scheduled"
"LGT001|2027-06-05","LGT001","Light Covers","Sanitation","Weekly","2027-06-05","45","Scheduled"
"OHD001|2027-06-05","OHD001","1st Processing Overhead","Sanitation","Weekly","2027-06-05","45","Scheduled"
"OHD002|2027-06-05","OHD002","2nd Processing Overhead","Sanitation","Weekly","2027-06-05","45","Scheduled"
"OSG001|2027-06-05","OSG001","Outside Grounds","Production","Weekly","2027-06-05","45","Scheduled"
"SLC001|2027-06-05","SLC001","SLC Scales","Production","Weekly","2027-06-05","45","Scheduled"
"SOP001|2027-06-05","SOP001","Soap Room","Sanitation","Weekly","2027-06-05","45","Scheduled"
"AIR001|2027-06-12","AIR001","Air Curtains","Sanitation","Weekly","2027-06-12","46","Scheduled"
"BCH001|2027-06-12","BCH001","Box Chutes","Sanitation","Weekly","2027-06-12","46","Scheduled"
"BRE001|2027-06-12","BRE001","Box Room Elevator","Production","Weekly","2027-06-12","46","Scheduled"
"DCK001|2027-06-12","DCK001","Dock Pits","Production","Weekly","2027-06-12","46","Scheduled"
"FLT001|2027-06-12","FLT001","Forklifts","Production","Weekly","2027-06-12","46","Scheduled"
"KNR001|2027-06-12","KNR001","Knife Room","Production","Weekly","2027-06-12","46","Scheduled"
"LGT001|2027-06-12","LGT001","Light Covers","Sanitation","Weekly","2027-06-12","46","Scheduled"
"OHD001|2027-06-12","OHD001","1st Processing Overhead","Sanitation","Weekly","2027-06-12","46","Scheduled"
"OHD002|2027-06-12","OHD002","2nd Processing Overhead","Sanitation","Weekly","2027-06-12","46","Scheduled"
"OSG001|2027-06-12","OSG001","Outside Grounds","Production","Weekly","2027-06-12","46","Scheduled"
"SLC001|2027-06-12","SLC001","SLC Scales","Production","Weekly","2027-06-12","46","Scheduled"
"SOP001|2027-06-12","SOP001","Soap Room","Sanitation","Weekly","2027-06-12","46","Scheduled"
"AIR001|2027-06-19","AIR001","Air Curtains","Sanitation","Weekly","2027-06-19","47","Scheduled"
"BCH001|2027-06-19","BCH001","Box Chutes","Sanitation","Weekly","2027-06-19","47","Scheduled"
"BRE001|2027-06-19","BRE001","Box Room Elevator","Production","Weekly","2027-06-19","47","Scheduled"
"DCK001|2027-06-19","DCK001","Dock Pits","Production","Weekly","2027-06-19","47","Scheduled"
"FLT001|2027-06-19","FLT001","Forklifts","Production","Weekly","2027-06-19","47","Scheduled"
"ICE001|2027-06-19","ICE001","Ice House & Augers","Sanitation","Bi-Weekly","2027-06-19","24","Scheduled"
"KNR001|2027-06-19","KNR001","Knife Room","Production","Weekly","2027-06-19","47","Scheduled"
"LGT001|2027-06-19","LGT001","Light Covers","Sanitation","Weekly","2027-06-19","47","Scheduled"
"OHD001|2027-06-19","OHD001","1st Processing Overhead","Sanitation","Weekly","2027-06-19","47","Scheduled"
"OHD002|2027-06-19","OHD002","2nd Processing Overhead","Sanitation","Weekly","2027-06-19","47","Scheduled"
"OSG001|2027-06-19","OSG001","Outside Grounds","Production","Weekly","2027-06-19","47","Scheduled"
"SLC001|2027-06-19","SLC001","SLC Scales","Production","Weekly","2027-06-19","47","Scheduled"
"SOP001|2027-06-19","SOP001","Soap Room","Sanitation","Weekly","2027-06-19","47","Scheduled"
"AIR001|2027-06-26","AIR001","Air Curtains","Sanitation","Weekly","2027-06-26","48","Scheduled"
"BCH001|2027-06-26","BCH001","Box Chutes","Sanitation","Weekly","2027-06-26","48","Scheduled"
"BRE001|2027-06-26","BRE001","Box Room Elevator","Production","Weekly","2027-06-26","48","Scheduled"
"DCK001|2027-06-26","DCK001","Dock Pits","Production","Weekly","2027-06-26","48","Scheduled"
"FLT001|2027-06-26","FLT001","Forklifts","Production","Weekly","2027-06-26","48","Scheduled"
"KNR001|2027-06-26","KNR001","Knife Room","Production","Weekly","2027-06-26","48","Scheduled"
"LGT001|2027-06-26","LGT001","Light Covers","Sanitation","Weekly","2027-06-26","48","Scheduled"
"OHD001|2027-06-26","OHD001","1st Processing Overhead","Sanitation","Weekly","2027-06-26","48","Scheduled"
"OHD002|2027-06-26","OHD002","2nd Processing Overhead","Sanitation","Weekly","2027-06-26","48","Scheduled"
"OSG001|2027-06-26","OSG001","Outside Grounds","Production","Weekly","2027-06-26","48","Scheduled"
"SLC001|2027-06-26","SLC001","SLC Scales","Production","Weekly","2027-06-26","48","Scheduled"
"SOP001|2027-06-26","SOP001","Soap Room","Sanitation","Weekly","2027-06-26","48","Scheduled"
"BRM001|2027-07-01","BRM001","Box Room","Production","Monthly","2027-07-01","12","Scheduled"
"BRW001|2027-07-01","BRW001","Box Room Warehouse","Production","Monthly","2027-07-01","12","Scheduled"
"CIP001|2027-07-01","CIP001","CIP Systems","Sanitation","Monthly","2027-07-01","12","Scheduled"
"CVP001|2027-07-01","CVP001","CVP Machines","Production","Monthly","2027-07-01","12","Scheduled"
"EXH001|2027-07-01","EXH001","Exhaust Fans and Heaters","Maintenance","Monthly","2027-07-01","12","Scheduled"
"SCG001|2027-07-01","SCG001","Supply Cage","Production","Monthly","2027-07-01","12","Scheduled"
"SHP001|2027-07-01","SHP001","Shipping Docks","Production","Monthly","2027-07-01","12","Scheduled"
"SUP001|2027-07-01","SUP001","Supply Room","Production","Monthly","2027-07-01","12","Scheduled"
"AIR001|2027-07-03","AIR001","Air Curtains","Sanitation","Weekly","2027-07-03","49","Scheduled"
"BCH001|2027-07-03","BCH001","Box Chutes","Sanitation","Weekly","2027-07-03","49","Scheduled"
"BRE001|2027-07-03","BRE001","Box Room Elevator","Production","Weekly","2027-07-03","49","Scheduled"
"DCK001|2027-07-03","DCK001","Dock Pits","Production","Weekly","2027-07-03","49","Scheduled"
"FLT001|2027-07-03","FLT001","Forklifts","Production","Weekly","2027-07-03","49","Scheduled"
"ICE001|2027-07-03","ICE001","Ice House & Augers","Sanitation","Bi-Weekly","2027-07-03","25","Scheduled"
"KNR001|2027-07-03","KNR001","Knife Room","Production","Weekly","2027-07-03","49","Scheduled"
"LGT001|2027-07-03","LGT001","Light Covers","Sanitation","Weekly","2027-07-03","49","Scheduled"
"OHD001|2027-07-03","OHD001","1st Processing Overhead","Sanitation","Weekly","2027-07-03","49","Scheduled"
"OHD002|2027-07-03","OHD002","2nd Processing Overhead","Sanitation","Weekly","2027-07-03","49","Scheduled"
"OSG001|2027-07-03","OSG001","Outside Grounds","Production","Weekly","2027-07-03","49","Scheduled"
"SLC001|2027-07-03","SLC001","SLC Scales","Production","Weekly","2027-07-03","49","Scheduled"
"SOP001|2027-07-03","SOP001","Soap Room","Sanitation","Weekly","2027-07-03","49","Scheduled"
"AIR001|2027-07-10","AIR001","Air Curtains","Sanitation","Weekly","2027-07-10","50","Scheduled"
"BCH001|2027-07-10","BCH001","Box Chutes","Sanitation","Weekly","2027-07-10","50","Scheduled"
"BRE001|2027-07-10","BRE001","Box Room Elevator","Production","Weekly","2027-07-10","50","Scheduled"
"DCK001|2027-07-10","DCK001","Dock Pits","Production","Weekly","2027-07-10","50","Scheduled"
"FLT001|2027-07-10","FLT001","Forklifts","Production","Weekly","2027-07-10","50","Scheduled"
"KNR001|2027-07-10","KNR001","Knife Room","Production","Weekly","2027-07-10","50","Scheduled"
"LGT001|2027-07-10","LGT001","Light Covers","Sanitation","Weekly","2027-07-10","50","Scheduled"
"OHD001|2027-07-10","OHD001","1st Processing Overhead","Sanitation","Weekly","2027-07-10","50","Scheduled"
"OHD002|2027-07-10","OHD002","2nd Processing Overhead","Sanitation","Weekly","2027-07-10","50","Scheduled"
"OSG001|2027-07-10","OSG001","Outside Grounds","Production","Weekly","2027-07-10","50","Scheduled"
"SLC001|2027-07-10","SLC001","SLC Scales","Production","Weekly","2027-07-10","50","Scheduled"
"SOP001|2027-07-10","SOP001","Soap Room","Sanitation","Weekly","2027-07-10","50","Scheduled"
"AIR001|2027-07-17","AIR001","Air Curtains","Sanitation","Weekly","2027-07-17","51","Scheduled"
"BCH001|2027-07-17","BCH001","Box Chutes","Sanitation","Weekly","2027-07-17","51","Scheduled"
"BRE001|2027-07-17","BRE001","Box Room Elevator","Production","Weekly","2027-07-17","51","Scheduled"
"DCK001|2027-07-17","DCK001","Dock Pits","Production","Weekly","2027-07-17","51","Scheduled"
"FLT001|2027-07-17","FLT001","Forklifts","Production","Weekly","2027-07-17","51","Scheduled"
"ICE001|2027-07-17","ICE001","Ice House & Augers","Sanitation","Bi-Weekly","2027-07-17","26","Scheduled"
"KNR001|2027-07-17","KNR001","Knife Room","Production","Weekly","2027-07-17","51","Scheduled"
"LGT001|2027-07-17","LGT001","Light Covers","Sanitation","Weekly","2027-07-17","51","Scheduled"
"OHD001|2027-07-17","OHD001","1st Processing Overhead","Sanitation","Weekly","2027-07-17","51","Scheduled"
"OHD002|2027-07-17","OHD002","2nd Processing Overhead","Sanitation","Weekly","2027-07-17","51","Scheduled"
"OSG001|2027-07-17","OSG001","Outside Grounds","Production","Weekly","2027-07-17","51","Scheduled"
"SLC001|2027-07-17","SLC001","SLC Scales","Production","Weekly","2027-07-17","51","Scheduled"
"SOP001|2027-07-17","SOP001","Soap Room","Sanitation","Weekly","2027-07-17","51","Scheduled"
"AIR001|2027-07-24","AIR001","Air Curtains","Sanitation","Weekly","2027-07-24","52","Scheduled"
"BCH001|2027-07-24","BCH001","Box Chutes","Sanitation","Weekly","2027-07-24","52","Scheduled"
"BRE001|2027-07-24","BRE001","Box Room Elevator","Production","Weekly","2027-07-24","52","Scheduled"
"DCK001|2027-07-24","DCK001","Dock Pits","Production","Weekly","2027-07-24","52","Scheduled"
"FLT001|2027-07-24","FLT001","Forklifts","Production","Weekly","2027-07-24","52","Scheduled"
"KNR001|2027-07-24","KNR001","Knife Room","Production","Weekly","2027-07-24","52","Scheduled"
"LGT001|2027-07-24","LGT001","Light Covers","Sanitation","Weekly","2027-07-24","52","Scheduled"
"OHD001|2027-07-24","OHD001","1st Processing Overhead","Sanitation","Weekly","2027-07-24","52","Scheduled"
"OHD002|2027-07-24","OHD002","2nd Processing Overhead","Sanitation","Weekly","2027-07-24","52","Scheduled"
"OSG001|2027-07-24","OSG001","Outside Grounds","Production","Weekly","2027-07-24","52","Scheduled"
"SLC001|2027-07-24","SLC001","SLC Scales","Production","Weekly","2027-07-24","52","Scheduled"
"SOP001|2027-07-24","SOP001","Soap Room","Sanitation","Weekly","2027-07-24","52","Scheduled"
"AIR001|2027-07-31","AIR001","Air Curtains","Sanitation","Weekly","2027-07-31","53","Scheduled"
"BCH001|2027-07-31","BCH001","Box Chutes","Sanitation","Weekly","2027-07-31","53","Scheduled"
"BRE001|2027-07-31","BRE001","Box Room Elevator","Production","Weekly","2027-07-31","53","Scheduled"
"DCK001|2027-07-31","DCK001","Dock Pits","Production","Weekly","2027-07-31","53","Scheduled"
"FLT001|2027-07-31","FLT001","Forklifts","Production","Weekly","2027-07-31","53","Scheduled"
"ICE001|2027-07-31","ICE001","Ice House & Augers","Sanitation","Bi-Weekly","2027-07-31","27","Scheduled"
"KNR001|2027-07-31","KNR001","Knife Room","Production","Weekly","2027-07-31","53","Scheduled"
"LGT001|2027-07-31","LGT001","Light Covers","Sanitation","Weekly","2027-07-31","53","Scheduled"
"OHD001|2027-07-31","OHD001","1st Processing Overhead","Sanitation","Weekly","2027-07-31","53","Scheduled"
"OHD002|2027-07-31","OHD002","2nd Processing Overhead","Sanitation","Weekly","2027-07-31","53","Scheduled"
"OSG001|2027-07-31","OSG001","Outside Grounds","Production","Weekly","2027-07-31","53","Scheduled"
"SLC001|2027-07-31","SLC001","SLC Scales","Production","Weekly","2027-07-31","53","Scheduled"
"SOP001|2027-07-31","SOP001","Soap Room","Sanitation","Weekly","2027-07-31","53","Scheduled"
